brand_id,name_en,name_zh,domain_hint,coverage_status,matched_count,matched_sources,new_candidate_count,new_candidate_ids
peking_university,Peking University,北京大学,pku.edu.cn,present,2,svglogo,0,
tsinghua_university,Tsinghua University,清华大学,tsinghua.edu.cn,present,2,svglogo,0,
fudan_university,Fudan University,复旦大学,fudan.edu.cn,present,2,svglogo,0,
nanjing_university,Nanjing University,南京大学,nju.edu.cn,present,2,svglogo,0,
shanghai_jiao_tong_university,Shanghai Jiao Tong University,上海交通大学,sjtu.edu.cn,present,2,svglogo,0,
sun_yat_sen_university,Sun Yat-sen University,中山大学,sysu.edu.cn,present,2,svglogo,0,
wuhan_university,Wuhan University,武汉大学,whu.edu.cn,present,2,svglogo,0,
zhejiang_university,Zhejiang University,浙江大学,zju.edu.cn,present,2,svglogo,0,
harvard_university,Harvard University,哈佛大学,harvard.edu,present,1,thesvg,0,
mit,MIT,麻省理工学院,mit.edu,present,2,vectorlogozone,0,
stanford_university,Stanford University,斯坦福大学,stanford.edu,present,1,expanded-wikimedia,1,collected_expanded-wikimedia_stanford_university_q41506_stanford_wordmark_2012_svg
university_of_cambridge,University of Cambridge,剑桥大学,cam.ac.uk,present,1,expanded-wikimedia,1,collected_expanded-wikimedia_university_of_cambridge_q35794_university_of_cambridge_logo_png
university_of_oxford,University of Oxford,牛津大学,ox.ac.uk,present,1,expanded-wikimedia,1,collected_expanded-wikimedia_university_of_oxford_q34433_university_of_oxford_svg
princeton_university,Princeton University,普林斯顿大学,princeton.edu,present,1,thesvg,0,
university_of_tokyo,University of Tokyo,东京大学,u-tokyo.ac.jp,present,1,expanded-wikimedia,1,collected_expanded-wikimedia_university_of_tokyo_q7842_university_of_tokyo_logo_2024_svg
yale_university,Yale University,耶鲁大学,yale.edu,present,2,thesvg,0,
doctors_without_borders,Doctors Without Borders,无国界医生,,missing,0,,0,
world_bank,World Bank,世界银行,,present,1,thesvg,0,
world_food_programme,World Food Programme,世界粮食计划署,,present,1,expanded-wikimedia,1,collected_expanded-wikimedia_world_food_programme_q204344_world_food_programme_logo_simple_svg
wwf,WWF,世界自然基金会,,missing,0,,0,
british_museum,British Museum,大英博物馆,,present,1,expanded-wikimedia,1,collected_expanded-wikimedia_british_museum_q6373_british_museum_logo_svg
centre_pompidou,Centre Pompidou,蓬皮杜中心,,missing,0,,0,
guggenheim_museum,Guggenheim Museum,古根海姆博物馆,,present,1,expanded-wikimedia,1,collected_expanded-wikimedia_guggenheim_museum_q179199_guggenheim_museum_bilbao_logo_svg
louvre,Louvre,卢浮宫,,missing,0,,0,
moma,Museum of Modern Art,纽约现代艺术博物馆,,missing,0,,0,
smithsonian,Smithsonian,史密森学会,,missing,0,,0,
tate,Tate,泰特美术馆,,missing,0,,0,
the_met,The Metropolitan Museum of Art,大都会艺术博物馆,,missing,0,,0,
red_cross,Red Cross,红十字会,redcross.org,present,1,website-icons,0,
united_nations,United Nations,联合国,un.org,present,4,thesvg|vectorlogozone,0,
world_health_organization,World Health Organization,世界卫生组织,who.int,present,6,thesvg|website-icons,0,
world_wildlife_fund,World Wildlife Fund,世界自然基金会,wwf.org,missing,0,,0,
amnesty_international,Amnesty International,国际特赦组织,amnesty.org,present,2,vectorlogozone,0,
greenpeace,Greenpeace,绿色和平,greenpeace.org,present,2,vectorlogozone,0,
unesco,UNESCO,联合国教科文组织,unesco.org,missing,0,,0,
unicef,UNICEF,联合国儿童基金会,unicef.org,missing,0,,0,
cern,CERN,欧洲核子研究中心,,missing,0,,0,
cnsa,CNSA,中国国家航天局,,missing,0,,0,
esa,ESA,欧洲航天局,,missing,0,,0,
jaxa,JAXA,日本宇宙航空研究开发机构,,missing,0,,0,
nasa,NASA,美国国家航空航天局,,present,4,vectorlogozone|thesvg,0,
national_geographic,National Geographic,国家地理,,present,1,expanded-wikimedia,1,collected_expanded-wikimedia_national_geographic_q5973845_natgeologo_svg
noaa,NOAA,美国国家海洋和大气管理局,,missing,0,,0,
royal_society,Royal Society,英国皇家学会,,present,1,expanded-wikimedia,1,collected_expanded-wikimedia_royal_society_q123885_coat_of_arms_of_the_royal_society_svg
renmin_university_of_china,Renmin University of China,中国人民大学,,present,2,svglogo,0,
sichuan_university,Sichuan University,四川大学,,present,2,svglogo,0,
tongji_university,Tongji University,同济大学,,present,2,svglogo,0,
xiamen_university,Xiamen University,厦门大学,,present,2,svglogo,0,
hokkaido_university,Hokkaido University,北海道大学,,present,1,expanded-wikimedia,1,collected_expanded-wikimedia_hokkaido_university_q1057199_hokkaido_university_logo_2_svg
keio_university,Keio University,庆应义塾大学,,missing,0,,0,
kyoto_university,Kyoto University,京都大学,,missing,0,,0,
nagoya_university,Nagoya University,名古屋大学,,missing,0,,0,
osaka_university,Osaka University,大阪大学,,missing,0,,0,
tohoku_university,Tohoku University,东北大学,,present,2,svglogo,0,
waseda_university,Waseda University,早稻田大学,,missing,0,,0,
imperial_college_london,Imperial College London,帝国理工学院,,missing,0,,0,
kings_college_london,King's College London,伦敦国王学院,,missing,0,,0,
london_school_of_economics,London School of Economics,伦敦政治经济学院,,missing,0,,0,
ucl,UCL,伦敦大学学院,,missing,0,,0,
university_of_edinburgh,University of Edinburgh,爱丁堡大学,,present,1,expanded-wikimedia,1,collected_expanded-wikimedia_university_of_edinburgh_q160302_university_of_edinburgh_coat_of_arms_jpg
university_of_manchester,University of Manchester,曼彻斯特大学,,present,1,expanded-wikimedia,1,collected_expanded-wikimedia_university_of_manchester_q230899_manchester_university_logo_2_png
columbia_university,Columbia University,哥伦比亚大学,,present,1,expanded-wikimedia,1,collected_expanded-wikimedia_columbia_university_q49088_coat_of_arms_of_columbia_university_svg
uc_berkeley,UC Berkeley,加州大学伯克利分校,,missing,0,,0,
ucla,UCLA,加州大学洛杉矶分校,,present,1,expanded-wikimedia,1,collected_expanded-wikimedia_ucla_q1753811_ucla_bruins_primary_logo_svg
boston_celtics,Boston Celtics,波士顿凯尔特人,,missing,0,,0,
brooklyn_nets,Brooklyn Nets,布鲁克林篮网,,missing,0,,0,
chicago_bulls,Chicago Bulls,芝加哥公牛,,missing,0,,0,
dallas_mavericks,Dallas Mavericks,达拉斯独行侠,,missing,0,,0,
golden_state_warriors,Golden State Warriors,金州勇士,,missing,0,,0,
los_angeles_lakers,Los Angeles Lakers,洛杉矶湖人,,missing,0,,0,
miami_heat,Miami Heat,迈阿密热火,,missing,0,,0,
new_york_knicks,New York Knicks,纽约尼克斯,,missing,0,,0,
iqiyi,iQIYI,爱奇艺,iqiyi.com,present,1,expanded-website-icons,1,collected_expanded-website-icons_iqiyi_manifest_1
tencent_video,Tencent Video,腾讯视频,v.qq.com,present,1,website-icons,0,
keep,Keep,Keep,gotokeep.com,present,1,svglogo,0,
mango_tv,Mango TV,芒果TV,mgtv.com,present,2,expanded-website-icons,2,collected_expanded-website-icons_mango_tv_manifest_1|collected_expanded-website-icons_mango_tv_manifest_2
youku,Youku,优酷,youku.com,present,2,svglogo,0,
douyu,Douyu,斗鱼,douyu.com,present,1,svglogo,0,
huya,Huya,虎牙直播,huya.com,present,1,svglogo,0,
mafengwo,Mafengwo,马蜂窝,mafengwo.cn,missing,0,,0,
36kr,36Kr,36氪,,missing,0,,0,
caixin,Caixin,财新,,missing,0,,0,
cctv,CCTV,中央电视台,,missing,0,,0,
huxiu,Huxiu,虎嗅,,missing,0,,0,
jiemian,Jiemian,界面新闻,,missing,0,,0,
peoples_daily,People's Daily,人民日报,,present,1,expanded-wikimedia,1,collected_expanded-wikimedia_peoples_daily_q54340_people_s_daily_logo_svg
the_paper,The Paper,澎湃新闻,,missing,0,,0,
xinhua_news_agency,Xinhua News Agency,新华社,,missing,0,,0,
apex_legends,Apex Legends,Apex 英雄,,present,1,expanded-wikimedia,1,collected_expanded-wikimedia_apex_legends_q61478103_apex_legends_logo_svg
counter_strike,Counter-Strike,反恐精英,,present,2,thesvg,0,
dota_2,Dota 2,Dota 2,,present,2,thesvg,0,
league_of_legends,League of Legends,英雄联盟,,present,2,thesvg,0,
overwatch,Overwatch,守望先锋,,present,1,expanded-wikimedia,1,collected_expanded-wikimedia_overwatch_q18515944_overwatch_text_logo_svg
pubg,PUBG,绝地求生,,present,2,thesvg,0,
valorant,Valorant,无畏契约,,present,2,thesvg,0,
20th_century_studios,20th Century Studios,二十世纪影业,,missing,0,,0,
dreamworks,DreamWorks,梦工厂,,present,1,thesvg,0,
marvel_studios,Marvel Studios,漫威影业,,present,1,thesvg,0,
paramount_pictures,Paramount Pictures,派拉蒙,,present,1,thesvg,0,
pixar,Pixar,皮克斯,,missing,0,,0,
sony_pictures,Sony Pictures,索尼影业,,missing,0,,0,
universal_pictures,Universal Pictures,环球影业,,missing,0,,0,
warner_bros,Warner Bros.,华纳兄弟,,present,1,thesvg,0,
arsenal_fc,Arsenal FC,阿森纳,,missing,0,,0,
bayern_munich,Bayern Munich,拜仁慕尼黑,,missing,0,,0,
chelsea_fc,Chelsea FC,切尔西,,missing,0,,0,
fc_barcelona,FC Barcelona,巴塞罗那,,missing,0,,0,
liverpool_fc,Liverpool FC,利物浦,,missing,0,,0,
manchester_united,Manchester United,曼联,,missing,0,,0,
paris_saint_germain,Paris Saint-Germain,巴黎圣日耳曼,,missing,0,,0,
real_madrid,Real Madrid,皇家马德里,,present,1,expanded-wikimedia,1,collected_expanded-wikimedia_real_madrid_q54922_realmadrid_baloncesto_png
activision,Activision,动视,activision.com,present,2,thesvg,0,
blizzard,Blizzard,暴雪娱乐,blizzard.com,present,1,expanded-website-icons,1,collected_expanded-website-icons_blizzard_og_image_2
electronic_arts,Electronic Arts,艺电,ea.com,present,3,thesvg,0,
hoyoverse,HoYoverse,米哈游 HoYoverse,hoyoverse.com,missing,0,,0,
netease_games,NetEase Games,网易游戏,games.163.com,missing,0,,0,
riot_games,Riot Games,拳头游戏,riotgames.com,present,2,thesvg,0,
tencent_games,Tencent Games,腾讯游戏,game.qq.com,missing,0,,0,
ubisoft,Ubisoft,育碧,ubisoft.com,present,2,thesvg,0,
bandai_namco,Bandai Namco,万代南梦宫,,present,1,expanded-wikimedia,1,collected_expanded-wikimedia_bandai_namco_q1194689_bandai_namco_logo_2022_svg
capcom,Capcom,卡普空,,missing,0,,0,
fromsoftware,FromSoftware,FromSoftware,,missing,0,,0,
koei_tecmo,Koei Tecmo,光荣特库摩,,missing,0,,0,
konami,Konami,科乐美,,present,2,thesvg,0,
sega,SEGA,世嘉,,present,2,thesvg,0,
square_enix,Square Enix,史克威尔艾尼克斯,,present,2,thesvg,0,
nintendo,Nintendo,任天堂,nintendo.com,present,2,thesvg,0,
playstation,PlayStation,PlayStation,playstation.com,present,6,thesvg|website-icons,0,
xbox,Xbox,Xbox,xbox.com,present,6,vectorlogozone|thesvg|website-icons,0,
epic_games,Epic Games,Epic Games,epicgames.com,present,4,thesvg,0,
fortnite,Fortnite,堡垒之夜,fortnite.com,present,2,thesvg,0,
minecraft,Minecraft,我的世界,minecraft.net,present,2,vectorlogozone,0,
roblox,Roblox,Roblox,roblox.com,present,6,thesvg|website-icons,0,
steam,Steam,Steam,steampowered.com,present,7,gilbarbara|thesvg|website-icons|vectorlogozone,0,
whatsapp,WhatsApp,WhatsApp,whatsapp.com,present,10,gilbarbara|vectorlogozone|thesvg|website-icons,0,
discord,Discord,Discord,discord.com,present,10,gilbarbara|vectorlogozone|thesvg|website-icons,0,
line,LINE,LINE,line.me,present,48,vectorlogozone|thesvg|website-icons,0,
telegram,Telegram,Telegram,telegram.org,present,10,gilbarbara|vectorlogozone|thesvg|website-icons,0,
threads,Threads,Threads,threads.net,present,8,gilbarbara|vectorlogozone|thesvg,0,
bluesky,Bluesky,Bluesky,bsky.app,present,3,gilbarbara|thesvg,0,
signal,Signal,Signal,signal.org,present,5,gilbarbara|vectorlogozone|thesvg,0,
tumblr,Tumblr,Tumblr,tumblr.com,present,7,gilbarbara|vectorlogozone|thesvg,0,
apple_music,Apple Music,Apple Music,music.apple.com,present,5,thesvg,0,
spotify,Spotify,Spotify,spotify.com,present,8,gilbarbara|vectorlogozone|thesvg,0,
netease_cloud_music,NetEase Cloud Music,网易云音乐,music.163.com,present,2,thesvg,0,
qq_music,QQ Music,QQ音乐,y.qq.com,missing,0,,0,
deezer,Deezer,Deezer,deezer.com,present,2,thesvg,0,
kugou_music,Kugou Music,酷狗音乐,kugou.com,missing,0,,0,
soundcloud,SoundCloud,SoundCloud,soundcloud.com,present,11,gilbarbara|vectorlogozone|thesvg,0,
tidal,Tidal,Tidal,tidal.com,present,9,gilbarbara|thesvg,0,
bbc,BBC,BBC,,present,3,vectorlogozone|thesvg,0,
bloomberg,Bloomberg,彭博,,present,2,vectorlogozone,0,
cnn,CNN,CNN,,present,5,vectorlogozone|thesvg,0,
financial_times,Financial Times,金融时报,,missing,0,,0,
reuters,Reuters,路透社,,present,3,vectorlogozone|thesvg,0,
the_economist,The Economist,经济学人,,present,1,thesvg,0,
the_guardian,The Guardian,卫报,,present,4,vectorlogozone|thesvg,0,
the_new_york_times,The New York Times,纽约时报,,missing,0,,0,
douyin,Douyin,抖音,douyin.com,present,1,svglogo,0,
kuaishou,Kuaishou,快手,kuaishou.com,present,4,svglogo|thesvg,0,
qq,QQ,QQ,qq.com,present,4,svglogo|vectorlogozone|thesvg,0,
wechat,WeChat,微信,wechat.com,present,8,vectorlogozone|thesvg|website-icons|svglogo,0,
weibo,Weibo,微博,weibo.com,present,3,svglogo|vectorlogozone,0,
xiaohongshu,Xiaohongshu,小红书,xiaohongshu.com,present,8,svglogo|thesvg|website-icons,0,
douban,Douban,豆瓣,douban.com,present,3,svglogo|thesvg,0,
zhihu,Zhihu,知乎,zhihu.com,present,3,thesvg|svglogo,0,
facebook,Facebook,Facebook,facebook.com,present,8,gilbarbara|vectorlogozone|thesvg,0,
instagram,Instagram,Instagram,instagram.com,present,13,gilbarbara|vectorlogozone|thesvg|website-icons,0,
tiktok,TikTok,TikTok,tiktok.com,present,16,svglogo|gilbarbara|vectorlogozone|thesvg|website-icons,0,
x_twitter,X,X / Twitter,x.com,present,2,expanded-website-icons,2,collected_expanded-website-icons_x_twitter_manifest_1|collected_expanded-website-icons_x_twitter_manifest_2
linkedin,LinkedIn,LinkedIn,linkedin.com,present,6,gilbarbara|vectorlogozone|thesvg,0,
pinterest,Pinterest,Pinterest,pinterest.com,present,10,gilbarbara|vectorlogozone|thesvg|website-icons,0,
reddit,Reddit,Reddit,reddit.com,present,7,gilbarbara|vectorlogozone|thesvg,0,
snapchat,Snapchat,Snapchat,snapchat.com,present,8,vectorlogozone|thesvg|website-icons,0,
fifa,FIFA,国际足联,fifa.com,present,2,thesvg,0,
formula_1,Formula 1,一级方程式,formula1.com,missing,0,,0,
nba,NBA,NBA,nba.com,present,2,thesvg,0,
olympics,Olympics,奥林匹克,olympics.com,present,4,website-icons,0,
mlb,MLB,美国职业棒球大联盟,mlb.com,present,2,thesvg,0,
nfl,NFL,美国国家橄榄球联盟,nfl.com,present,2,expanded-website-icons,2,collected_expanded-website-icons_nfl_icon_1|collected_expanded-website-icons_nfl_og_image_2
uefa,UEFA,欧洲足联,uefa.com,present,2,expanded-website-icons,2,collected_expanded-website-icons_uefa_apple_touch_icon_1|collected_expanded-website-icons_uefa_apple_touch_icon_2
nhl,NHL,国家冰球联盟,nhl.com,present,2,thesvg,0,
apple_tv,Apple TV+,Apple TV+,,present,2,thesvg,0,
crunchyroll,Crunchyroll,Crunchyroll,,present,4,thesvg,0,
hbo_max,HBO Max,HBO Max,,present,2,thesvg,0,
paramount,Paramount+,Paramount+,,present,2,thesvg,0,
peacock,Peacock,Peacock,,present,1,thesvg,0,
bilibili,Bilibili,哔哩哔哩,bilibili.com,present,6,svglogo|thesvg|website-icons,0,
disney_plus,Disney+,Disney+,disneyplus.com,present,6,thesvg|vectorlogozone,0,
netflix,Netflix,Netflix,netflix.com,present,9,gilbarbara|vectorlogozone|thesvg|website-icons,0,
youtube,YouTube,YouTube,youtube.com,present,14,gilbarbara|vectorlogozone|thesvg|website-icons,0,
hulu,Hulu,Hulu,hulu.com,present,5,thesvg,0,
max,Max,Max,max.com,present,2,thesvg,0,
prime_video,Prime Video,Prime Video,primevideo.com,present,1,thesvg,0,
twitch,Twitch,Twitch,twitch.tv,present,8,gilbarbara|vectorlogozone|thesvg,0,
asiana_airlines,Asiana Airlines,韩亚航空,,present,1,thesvg,0,
eva_air,EVA Air,长荣航空,,present,1,svglogo,0,
air_france,Air France,法国航空,,present,2,thesvg,0,
british_airways,British Airways,英国航空,,present,2,thesvg,0,
easyjet,easyJet,易捷航空,,present,2,thesvg,0,
iberia,Iberia,伊比利亚航空,,present,2,thesvg,0,
klm,KLM,荷兰皇家航空,,present,2,thesvg,0,
ryanair,Ryanair,瑞安航空,,present,2,thesvg,0,
swiss_international_air_lines,Swiss International Air Lines,瑞士国际航空,,missing,0,,0,
alaska_airlines,Alaska Airlines,阿拉斯加航空,,present,2,thesvg,0,
frontier_airlines,Frontier Airlines,边疆航空,,present,1,expanded-wikimedia,1,collected_expanded-wikimedia_frontier_airlines_q1139541_frontier_airlines_logo_svg
jetblue,JetBlue,捷蓝航空,,present,2,thesvg,0,
southwest_airlines,Southwest Airlines,西南航空,,present,2,thesvg,0,
spirit_airlines,Spirit Airlines,精神航空,,present,1,expanded-wikimedia,1,collected_expanded-wikimedia_spirit_airlines_q1190598_spirit_airlines_logo_svg
airbnb,Airbnb,爱彼迎,airbnb.com,present,8,gilbarbara|vectorlogozone|thesvg,0,
accor,Accor,雅高,accor.com,missing,0,,0,
four_seasons,Four Seasons,四季酒店,fourseasons.com,present,2,expanded-website-icons,2,collected_expanded-website-icons_four_seasons_manifest_1|collected_expanded-website-icons_four_seasons_manifest_2
hilton,Hilton,希尔顿,hilton.com,present,2,thesvg,0,
hyatt,Hyatt,凯悦,hyatt.com,missing,0,,0,
ihg,IHG,洲际酒店集团,ihg.com,missing,0,,0,
marriott,Marriott,万豪,marriott.com,present,2,thesvg,0,
shangri_la,Shangri-La,香格里拉,shangri-la.com,missing,0,,0,
ritz_carlton,Ritz-Carlton,丽思卡尔顿,,present,2,thesvg,0,
chimelong,Chimelong,长隆,,missing,0,,0,
disneyland,Disneyland,迪士尼乐园,,missing,0,,0,
everland,Everland,爱宝乐园,,missing,0,,0,
fuji_q_highland,Fuji-Q Highland,富士急乐园,,missing,0,,0,
legoland,Legoland,乐高乐园,,missing,0,,0,
seaworld,SeaWorld,海洋世界,,missing,0,,0,
six_flags,Six Flags,六旗,,missing,0,,0,
universal_studios,Universal Studios,环球影城,,missing,0,,0,
booking_com,Booking.com,Booking.com,booking.com,present,2,vectorlogozone,0,
ctrip,Ctrip,携程,ctrip.com,missing,0,,0,
expedia,Expedia,Expedia,expedia.com,present,2,thesvg,0,
skyscanner,Skyscanner,天巡,skyscanner.com,missing,0,,0,
trip_com,Trip.com,携程 Trip.com,trip.com,present,2,expanded-website-icons,2,collected_expanded-website-icons_trip_com_manifest_1|collected_expanded-website-icons_trip_com_manifest_2
tripadvisor,Tripadvisor,猫途鹰,tripadvisor.com,present,4,vectorlogozone|thesvg,0,
agoda,Agoda,Agoda,agoda.com,missing,0,,0,
klook,Klook,Klook,klook.com,present,2,thesvg,0,
hotels_com,Hotels.com,Hotels.com,,missing,0,,0,
hm,H&M,H&M,,present,1,expanded-wikimedia,1,collected_expanded-wikimedia_hm_q188326_h_m_logo_svg
mango,Mango,Mango,,missing,0,,0,
stradivarius,Stradivarius,Stradivarius,,missing,0,,0,
carhartt,Carhartt,Carhartt,,missing,0,,0,
dickies,Dickies,Dickies,,missing,0,,0,
diesel,Diesel,Diesel,,missing,0,,0,
g_star_raw,G-Star RAW,G-Star RAW,,missing,0,,0,
lee,Lee,Lee,,missing,0,,0,
levis,Levi's,李维斯,,missing,0,,0,
wrangler,Wrangler,Wrangler,,missing,0,,0,
h_and_m,H&M,H&M,hm.com,present,3,thesvg|expanded-wikimedia,1,collected_expanded-wikimedia_hm_q188326_h_m_logo_svg
uniqlo,UNIQLO,优衣库,uniqlo.com,present,2,thesvg,0,
zara,Zara,ZARA,zara.com,present,2,thesvg,0,
gap,Gap,Gap,gap.com,missing,0,,0,
gu,GU,GU,gu-global.com,present,2,expanded-website-icons,2,collected_expanded-website-icons_gu_apple_touch_icon_1|collected_expanded-website-icons_gu_icon_2
bershka,Bershka,Bershka,bershka.com,missing,0,,0,
old_navy,Old Navy,Old Navy,oldnavy.com,missing,0,,0,
pull_and_bear,Pull&Bear,Pull&Bear,pullandbear.com,missing,0,,0,
beams,BEAMS,BEAMS,,missing,0,,0,
comme_des_garc_ons,Comme des Garçons,川久保玲,,missing,0,,0,
onitsuka_tiger,Onitsuka Tiger,鬼塚虎,,missing,0,,0,
united_arrows,United Arrows,United Arrows,,missing,0,,0,
chanel,Chanel,香奈儿,chanel.com,present,5,svglogo|website-icons,0,
dior,Dior,迪奥,dior.com,present,3,svglogo|thesvg,0,
gucci,Gucci,古驰,gucci.com,present,2,website-icons,0,
herm_s,Hermès,爱马仕,hermes.com,present,3,gilbarbara|thesvg,0,
louis_vuitton,Louis Vuitton,路易威登,louisvuitton.com,present,2,website-icons,0,
prada,Prada,普拉达,prada.com,present,1,expanded-website-icons,1,collected_expanded-website-icons_prada_og_image_2
burberry,Burberry,博柏利,burberry.com,present,2,expanded-website-icons,2,collected_expanded-website-icons_burberry_apple_touch_icon_1|collected_expanded-website-icons_burberry_apple_touch_icon_2
versace,Versace,范思哲,versace.com,missing,0,,0,
bvlgari,Bvlgari,宝格丽,,missing,0,,0,
chaumet,Chaumet,尚美,,missing,0,,0,
chopard,Chopard,萧邦,,missing,0,,0,
harry_winston,Harry Winston,海瑞温斯顿,,missing,0,,0,
swarovski,Swarovski,施华洛世奇,,present,1,svglogo,0,
tiffany_and_co,Tiffany & Co.,蒂芙尼,,missing,0,,0,
van_cleef_and_arpels,Van Cleef & Arpels,梵克雅宝,,missing,0,,0,
arcteryx,Arc'teryx,始祖鸟,arcteryx.com,missing,0,,0,
columbia,Columbia,哥伦比亚,columbia.com,missing,0,,0,
decathlon,Decathlon,迪卡侬,decathlon.com,present,2,expanded-website-icons,2,collected_expanded-website-icons_decathlon_icon_1|collected_expanded-website-icons_decathlon_og_image_2
patagonia,Patagonia,巴塔哥尼亚,patagonia.com,present,2,website-icons,0,
salomon,Salomon,萨洛蒙,salomon.com,present,3,website-icons,0,
the_north_face,The North Face,北面,thenorthface.com,present,7,thesvg|website-icons|wikimedia,0,
timberland,Timberland,添柏岚,timberland.com,present,2,expanded-website-icons,2,collected_expanded-website-icons_timberland_manifest_1|collected_expanded-website-icons_timberland_manifest_2
mammut,Mammut,猛犸象,mammut.com,missing,0,,0,
converse,Converse,匡威,,present,1,thesvg,0,
crocs,Crocs,卡骆驰,,missing,0,,0,
hoka,Hoka,Hoka,,missing,0,,0,
on_running,On Running,昂跑,,present,1,expanded-wikimedia,1,collected_expanded-wikimedia_on_running_q116431350_on_cloud_logo_white_background_svg
skechers,Skechers,斯凯奇,,present,1,thesvg,0,
vans,Vans,Vans,,missing,0,,0,
adidas,Adidas,阿迪达斯,adidas.com,present,5,vectorlogozone|thesvg|wikimedia,0,
nike,Nike,耐克,nike.com,present,3,thesvg|wikimedia,0,
asics,Asics,亚瑟士,asics.com,missing,0,,0,
new_balance,New Balance,新百伦,newbalance.com,present,2,thesvg,0,
puma,Puma,彪马,puma.com,present,3,thesvg|wikimedia,0,
reebok,Reebok,锐步,reebok.com,present,5,thesvg|website-icons|wikimedia,0,
under_armour,Under Armour,安德玛,underarmour.com,present,3,thesvg|website-icons,0,
mizuno,Mizuno,美津浓,mizuno.com,missing,0,,0,
bape,BAPE,A Bathing Ape,,missing,0,,0,
fear_of_god,Fear of God,Fear of God,,missing,0,,0,
human_made,Human Made,Human Made,,missing,0,,0,
kith,Kith,Kith,,missing,0,,0,
off_white,Off-White,Off-White,,missing,0,,0,
palace,Palace,Palace,,missing,0,,0,
stu_ssy,Stüssy,Stüssy,,missing,0,,0,
supreme,Supreme,Supreme,,missing,0,,0,
citizen,Citizen,西铁城,,missing,0,,0,
longines,Longines,浪琴,,present,1,expanded-wikimedia,1,collected_expanded-wikimedia_longines_q603698_longines_wordmark_logo_svg
cartier,Cartier,卡地亚,cartier.com,present,1,expanded-website-icons,1,collected_expanded-website-icons_cartier_icon_2
omega,Omega,欧米茄,omegawatches.com,missing,0,,0,
rolex,Rolex,劳力士,rolex.org,present,1,expanded-website-icons,1,collected_expanded-website-icons_rolex_icon_1
casio,Casio,卡西欧,casio.com,present,1,expanded-wikimedia,1,collected_expanded-wikimedia_casio_q217338_casio_logo_svg
seiko,Seiko,精工,seikowatches.com,present,1,expanded-website-icons,1,collected_expanded-website-icons_seiko_og_image_2
swatch,Swatch,斯沃琪,swatch.com,present,2,expanded-website-icons,2,collected_expanded-website-icons_swatch_manifest_1|collected_expanded-website-icons_swatch_manifest_2
tag_heuer,TAG Heuer,泰格豪雅,tagheuer.com,missing,0,,0,
tissot,Tissot,天梭,tissotwatches.com,missing,0,,0,
singapore_airlines,Singapore Airlines,新加坡航空,singaporeair.com,present,5,thesvg|website-icons,0,
airasia,AirAsia,亚洲航空,airasia.com,present,2,thesvg,0,
ana,ANA,全日空,ana.co.jp,present,2,thesvg,0,
cathay_pacific,Cathay Pacific,国泰航空,cathaypacific.com,present,3,svglogo|thesvg,0,
indigo,IndiGo,靛蓝航空,goindigo.in,present,2,thesvg,0,
japan_airlines,Japan Airlines,日本航空,jal.com,present,2,thesvg,0,
korean_air,Korean Air,大韩航空,koreanair.com,present,1,thesvg,0,
thai_airways,Thai Airways,泰国国际航空,thaiairways.com,missing,0,,0,
air_china,Air China,中国国际航空,airchina.com,present,3,svglogo|thesvg,0,
china_eastern_airlines,China Eastern Airlines,中国东方航空,ceair.com,present,3,svglogo|thesvg,0,
china_southern_airlines,China Southern Airlines,中国南方航空,csair.com,present,3,svglogo|thesvg,0,
hainan_airlines,Hainan Airlines,海南航空,hainanairlines.com,present,2,svglogo,0,
xiamenair,XiamenAir,厦门航空,xiamenair.com,present,2,svglogo,0,
juneyao_air,Juneyao Air,吉祥航空,juneyaoair.com,present,1,svglogo,0,
sichuan_airlines,Sichuan Airlines,四川航空,sichuanair.com,present,1,svglogo,0,
spring_airlines,Spring Airlines,春秋航空,ch.com,present,1,svglogo,0,
emirates,Emirates,阿联酋航空,emirates.com,present,6,thesvg|website-icons,0,
qatar_airways,Qatar Airways,卡塔尔航空,qatarairways.com,present,3,thesvg|website-icons,0,
american_airlines,American Airlines,美国航空,aa.com,present,2,thesvg,0,
delta_air_lines,Delta Air Lines,达美航空,delta.com,present,2,thesvg,0,
etihad_airways,Etihad Airways,阿提哈德航空,etihad.com,present,3,thesvg,0,
lufthansa,Lufthansa,汉莎航空,lufthansa.com,present,2,thesvg,0,
turkish_airlines,Turkish Airlines,土耳其航空,turkishairlines.com,present,2,thesvg,0,
united_airlines,United Airlines,美国联合航空,united.com,present,2,thesvg,0,
baojun,Baojun,宝骏,,present,3,car-logos,0,
changan_automobile,Changan Automobile,长安汽车,,present,1,svglogo,0,
dongfeng,Dongfeng,东风汽车,,present,3,car-logos,0,
great_wall_motors,Great Wall Motors,长城汽车,,missing,0,,0,
wuling,Wuling,五菱,wuling.com,present,3,car-logos,0,
changan,Changan,长安汽车,changan.com.cn,present,4,car-logos|svglogo,0,
chery,Chery,奇瑞,cheryinternational.com,present,4,svglogo|car-logos,0,
geely,Geely,吉利,geely.com,present,4,car-logos|wikimedia,0,
great_wall_motor,Great Wall Motor,长城汽车,gwm-global.com,missing,0,,0,
hongqi,Hongqi,红旗,hongqi-auto.com,present,3,car-logos,0,
baic,BAIC,北汽,baicgroup.com.cn,missing,0,,0,
saic_motor,SAIC Motor,上汽集团,saicmotor.com,present,4,svglogo|car-logos,0,
denza,Denza,腾势,,missing,0,,0,
leapmotor,Leapmotor,零跑汽车,,present,3,car-logos,0,
voyah,Voyah,岚图,,missing,0,,0,
citroe_n,Citroën,雪铁龙,,present,5,thesvg|car-logos,0,
fiat,Fiat,菲亚特,,present,5,thesvg|car-logos,0,
seat,SEAT,西雅特,,present,5,thesvg|car-logos,0,
skoda,Skoda,斯柯达,,present,5,thesvg|car-logos,0,
audi,Audi,奥迪,audi.com,present,6,thesvg|car-logos|website-icons,0,
bmw,BMW,宝马,bmw.com,present,5,thesvg|car-logos,0,
mercedes_benz,Mercedes-Benz,梅赛德斯-奔驰,mercedes-benz.com,present,8,thesvg|car-logos|website-icons,0,
porsche,Porsche,保时捷,porsche.com,present,8,thesvg|car-logos|website-icons,0,
volkswagen,Volkswagen,大众汽车,volkswagen.com,present,5,thesvg|car-logos,0,
mini,Mini,MINI,mini.com,present,5,thesvg|car-logos,0,
opel,Opel,欧宝,opel.com,present,5,thesvg|car-logos,0,
smart,Smart,Smart,smart.com,present,5,thesvg|car-logos,0,
honda,Honda,本田,honda.com,present,9,thesvg|car-logos|website-icons,0,
toyota,Toyota,丰田,toyota.com,present,10,vectorlogozone|thesvg|car-logos|website-icons|wikimedia,0,
hyundai,Hyundai,现代,hyundai.com,present,8,thesvg|car-logos|website-icons,0,
kia,Kia,起亚,kia.com,present,5,thesvg|car-logos,0,
mazda,Mazda,马自达,mazda.com,present,5,thesvg|car-logos,0,
mitsubishi_motors,Mitsubishi Motors,三菱汽车,mitsubishi-motors.com,present,1,thesvg,0,
nissan,Nissan,日产,nissan-global.com,present,6,thesvg|car-logos|website-icons,0,
subaru,Subaru,斯巴鲁,subaru.com,present,5,thesvg|car-logos,0,
ferrari,Ferrari,法拉利,ferrari.com,present,5,thesvg|car-logos,0,
lamborghini,Lamborghini,兰博基尼,lamborghini.com,present,9,thesvg|car-logos|website-icons,0,
rolls_royce,Rolls-Royce,劳斯莱斯,rolls-roycemotorcars.com,present,5,thesvg|car-logos,0,
alfa_romeo,Alfa Romeo,阿尔法·罗密欧,alfaromeo.com,present,3,car-logos,0,
aston_martin,Aston Martin,阿斯顿·马丁,astonmartin.com,present,5,thesvg|car-logos,0,
bentley,Bentley,宾利,bentleymotors.com,present,7,vectorlogozone|thesvg|car-logos,0,
maserati,Maserati,玛莎拉蒂,maserati.com,present,5,thesvg|car-logos,0,
mclaren,McLaren,迈凯伦,mclaren.com,present,5,thesvg|car-logos,0,
ford,Ford,福特,ford.com,present,7,vectorlogozone|thesvg|car-logos,0,
cadillac,Cadillac,凯迪拉克,cadillac.com,present,5,thesvg|car-logos,0,
chevrolet,Chevrolet,雪佛兰,chevrolet.com,present,5,thesvg|car-logos,0,
citro_n,Citroën,雪铁龙,citroen.com,present,5,thesvg|car-logos,0,
jeep,Jeep,Jeep,jeep.com,present,5,thesvg|car-logos,0,
peugeot,Peugeot,标致,peugeot.com,present,5,thesvg|car-logos,0,
renault,Renault,雷诺,renault.com,present,5,thesvg|car-logos,0,
volvo,Volvo,沃尔沃,volvocars.com,present,5,thesvg|car-logos,0,
buick,Buick,别克,,present,3,car-logos,0,
dodge,Dodge,道奇,,present,3,car-logos,0,
gmc,GMC,GMC,,present,3,car-logos,0,
lincoln,Lincoln,林肯,,present,3,car-logos,0,
byd,BYD,比亚迪,byd.com,present,5,svglogo|car-logos|wikimedia,0,
tesla,Tesla,特斯拉,tesla.com,present,17,vectorlogozone|thesvg|car-logos|website-icons|wikimedia,0,
aito,AITO,问界,aito.auto,present,1,expanded-website-icons,1,collected_expanded-website-icons_aito_icon_1
li_auto,Li Auto,理想汽车,lixiang.com,present,3,car-logos,0,
nio,NIO,蔚来,nio.com,present,4,svglogo|car-logos,0,
xpeng,XPeng,小鹏汽车,xiaopeng.com,present,4,svglogo|car-logos,0,
zeekr,Zeekr,极氪,zeekrlife.com,present,4,svglogo|car-logos,0,
avatr,Avatr,阿维塔,avatr.com,present,1,svglogo,0,
chargepoint,ChargePoint,ChargePoint,,missing,0,,0,
electrify_america,Electrify America,Electrify America,,missing,0,,0,
evgo,EVgo,EVgo,,missing,0,,0,
ionity,Ionity,Ionity,,missing,0,,0,
naas,NaaS,能链智电,,missing,0,,0,
star_charge,Star Charge,星星充电,,missing,0,,0,
teld,TELD,特来电,,missing,0,,0,
tesla_supercharger,Tesla Supercharger,特斯拉超级充电,,missing,0,,0,
bird,Bird,Bird,,missing,0,,0,
bolt,Bolt,Bolt,,present,3,thesvg,0,
lime,Lime,Lime,,missing,0,,0,
turo,Turo,Turo,,missing,0,,0,
ducati,Ducati,杜卡迪,,present,2,thesvg,0,
harley_davidson,Harley-Davidson,哈雷戴维森,,missing,0,,0,
kawasaki,Kawasaki,川崎,,missing,0,,0,
ktm,KTM,KTM,,present,5,thesvg|car-logos,0,
royal_enfield,Royal Enfield,皇家恩菲尔德,,missing,0,,0,
triumph,Triumph,凯旋,,present,3,car-logos,0,
vespa,Vespa,Vespa,,present,2,thesvg,0,
yamaha,Yamaha,雅马哈,,missing,0,,0,
michelin,Michelin,米其林,michelin.com,present,1,expanded-website-icons,1,collected_expanded-website-icons_michelin_og_image_1
bridgestone,Bridgestone,普利司通,bridgestone.com,present,2,expanded-website-icons,2,collected_expanded-website-icons_bridgestone_apple_touch_icon_1|collected_expanded-website-icons_bridgestone_apple_touch_icon_2
continental,Continental,大陆集团,continental.com,present,2,expanded-website-icons,2,collected_expanded-website-icons_continental_icon_1|collected_expanded-website-icons_continental_og_image_2
goodyear,Goodyear,固特异,goodyear.com,present,2,expanded-website-icons,2,collected_expanded-website-icons_goodyear_icon_1|collected_expanded-website-icons_goodyear_icon_2
pirelli,Pirelli,倍耐力,pirelli.com,missing,0,,0,
dunlop,Dunlop,邓禄普,dunloptires.com,present,2,expanded-website-icons,2,collected_expanded-website-icons_dunlop_manifest_1|collected_expanded-website-icons_dunlop_manifest_2
hankook,Hankook,韩泰轮胎,hankooktire.com,missing,0,,0,
yokohama,Yokohama,横滨轮胎,yokohamatire.com,present,1,expanded-website-icons,1,collected_expanded-website-icons_yokohama_og_image_1
denso,Denso,电装,,missing,0,,0,
anta,Anta,安踏,anta.com,present,2,thesvg,0,
li_ning,Li-Ning,李宁,li-ning.com,present,2,thesvg,0,
pop_mart,Pop Mart,泡泡玛特,popmart.com,missing,0,,0,
361_degrees,361 Degrees,361°,361sport.com,present,2,expanded-website-icons,2,collected_expanded-website-icons_361_degrees_apple_touch_icon_1|collected_expanded-website-icons_361_degrees_icon_2
florasis,Florasis,花西子,florasis.com,present,2,expanded-website-icons,2,collected_expanded-website-icons_florasis_apple_touch_icon_1|collected_expanded-website-icons_florasis_icon_2
perfect_diary,Perfect Diary,完美日记,perfectdiary.com,present,2,expanded-website-icons,2,collected_expanded-website-icons_perfect_diary_icon_1|collected_expanded-website-icons_perfect_diary_og_image_2
xtep,Xtep,特步,xtep.com,present,1,expanded-wikimedia,1,collected_expanded-wikimedia_xtep_q4021859_xtep_company_logo_png
freshippo,Freshippo,盒马,,present,1,svglogo,0,
gome,Gome,国美,,missing,0,,0,
hema,Hema,盒马,,present,1,svglogo,0,
rt_mart,RT-Mart,大润发,,missing,0,,0,
sams_club_china,Sam's Club China,山姆会员商店,,missing,0,,0,
suning,Suning,苏宁,,missing,0,,0,
yonghui,Yonghui,永辉超市,,missing,0,,0,
johnson_and_johnson,Johnson & Johnson,强生,jnj.com,present,1,thesvg,0,
nestl,Nestlé,雀巢,nestle.com,present,1,expanded-wikimedia,1,collected_expanded-wikimedia_nestl_q160746_nestl_textlogo_svg
procter_and_gamble,Procter & Gamble,宝洁,pg.com,present,1,thesvg,0,
unilever,Unilever,联合利华,unilever.com,present,2,thesvg,0,
danone,Danone,达能,danone.com,missing,0,,0,
kelloggs,Kellogg's,家乐氏,kelloggs.com,present,1,thesvg,0,
kraft_heinz,Kraft Heinz,卡夫亨氏,kraftheinzcompany.com,missing,0,,0,
mondelez,Mondelez,亿滋,mondelezinternational.com,present,2,expanded-website-icons,2,collected_expanded-website-icons_mondelez_apple_touch_icon_1|collected_expanded-website-icons_mondelez_apple_touch_icon_2
7_eleven,7-Eleven,7-Eleven,7-eleven.com,present,1,expanded-website-icons,1,collected_expanded-website-icons_7_eleven_og_image_2
familymart,FamilyMart,全家,family.co.jp,missing,0,,0,
circle_k,Circle K,Circle K,circlek.com,missing,0,,0,
lawson,Lawson,罗森,lawson.jp,missing,0,,0,
buc_ees,Buc-ee's,Buc-ee's,buc-ees.com,present,2,expanded-website-icons,2,collected_expanded-website-icons_buc_ees_icon_1|collected_expanded-website-icons_buc_ees_icon_2
oxxo,Oxxo,OXXO,oxxo.com,missing,0,,0,
shell_select,Shell Select,Shell Select,shell.com,present,4,vectorlogozone|thesvg,0,
wawa,Wawa,Wawa,wawa.com,present,1,expanded-website-icons,1,collected_expanded-website-icons_wawa_og_image_1
cu,CU,CU,,missing,0,,0,
daily_yamazaki,Daily Yamazaki,Daily Yamazaki,,missing,0,,0,
gs25,GS25,GS25,,missing,0,,0,
ministop,Ministop,迷你岛,,missing,0,,0,
jd,JD.com,京东,jd.com,missing,0,,0,
meituan,Meituan,美团,meituan.com,present,3,thesvg|website-icons,0,
pinduoduo,Pinduoduo,拼多多,pinduoduo.com,present,2,website-icons|wikimedia,0,
taobao,Taobao,淘宝,taobao.com,present,2,thesvg,0,
tmall,Tmall,天猫,tmall.com,present,3,website-icons|wikimedia,0,
dianping,Dianping,大众点评,dianping.com,missing,0,,0,
ele_me,Ele.me,饿了么,ele.me,present,1,expanded-website-icons,1,collected_expanded-website-icons_ele_me_icon_1
xianyu,Xianyu,闲鱼,goofish.com,present,1,expanded-website-icons,1,collected_expanded-website-icons_xianyu_icon_1
amazon,Amazon,亚马逊,amazon.com,present,4,vectorlogozone|thesvg,0,
ebay,eBay,eBay,ebay.com,present,4,vectorlogozone|thesvg,0,
mercado_libre,Mercado Libre,美客多,mercadolibre.com,present,2,thesvg,0,
rakuten,Rakuten,乐天,rakuten.com,present,2,thesvg,0,
shopee,Shopee,Shopee,shopee.com,present,2,thesvg,0,
temu,Temu,Temu,temu.com,missing,0,,0,
etsy,Etsy,Etsy,etsy.com,present,4,vectorlogozone|thesvg,0,
lazada,Lazada,Lazada,lazada.com,present,1,expanded-website-icons,1,collected_expanded-website-icons_lazada_icon_1
ikea,IKEA,宜家,ikea.com,present,2,thesvg,0,
muji,MUJI,无印良品,muji.com,missing,0,,0,
walmart,Walmart,沃尔玛,walmart.com,present,6,vectorlogozone|thesvg,0,
aldi,Aldi,奥乐齐,aldi.com,missing,0,,0,
carrefour,Carrefour,家乐福,carrefour.com,present,2,thesvg,0,
costco,Costco,好市多,costco.com,present,3,vectorlogozone|thesvg,0,
miniso,Miniso,名创优品,miniso.com,present,1,expanded-website-icons,1,collected_expanded-website-icons_miniso_icon_1
target,Target,Target,target.com,present,4,vectorlogozone|thesvg,0,
dyson,Dyson,戴森,dyson.com,missing,0,,0,
bosch,Bosch,博世,bosch.com,present,2,thesvg,0,
gree,Gree,格力,gree.com,present,1,expanded-wikimedia,1,collected_expanded-wikimedia_gree_q41_coat_of_arms_of_greece_svg
haier,Haier,海尔,haier.com,present,1,svglogo,0,
midea,Midea,美的,midea.com,present,1,svglogo,0,
electrolux,Electrolux,伊莱克斯,electrolux.com,present,1,expanded-website-icons,1,collected_expanded-website-icons_electrolux_icon_1
kitchenaid,KitchenAid,KitchenAid,kitchenaid.com,missing,0,,0,
tefal,Tefal,特福,tefal.com,missing,0,,0,
ashley_furniture,Ashley Furniture,Ashley Furniture,,missing,0,,0,
crate_and_barrel,Crate & Barrel,Crate & Barrel,,missing,0,,0,
muuto,Muuto,Muuto,,missing,0,,0,
nitori,Nitori,宜得利,,missing,0,,0,
pottery_barn,Pottery Barn,Pottery Barn,,missing,0,,0,
wayfair,Wayfair,Wayfair,,missing,0,,0,
west_elm,West Elm,West Elm,,missing,0,,0,
ace_hardware,Ace Hardware,Ace Hardware,,missing,0,,0,
b_and_q,B&Q,百安居,,missing,0,,0,
kingfisher,Kingfisher,翠丰,,missing,0,,0,
leroy_merlin,Leroy Merlin,乐华梅兰,,present,2,thesvg,0,
lowes,Lowe's,劳氏,,present,1,thesvg,0,
menards,Menards,Menards,,missing,0,,0,
obi,OBI,欧倍德,,missing,0,,0,
the_home_depot,The Home Depot,家得宝,,missing,0,,0,
bosch_home,Bosch Home,博世家电,,missing,0,,0,
hisense,Hisense,海信,,missing,0,,0,
miele,Miele,美诺,,missing,0,,0,
siemens_home,Siemens Home,西门子家电,,missing,0,,0,
china_post,China Post,中国邮政,,missing,0,,0,
jd_logistics,JD Logistics,京东物流,,missing,0,,0,
sto_express,STO Express,申通快递,,missing,0,,0,
yto_express,YTO Express,圆通速递,,missing,0,,0,
yunda_express,Yunda Express,韵达快递,,missing,0,,0,
zto_express,ZTO Express,中通快递,,missing,0,,0,
dhl,DHL,DHL,dhl.com,present,2,thesvg,0,
fedex,FedEx,联邦快递,fedex.com,present,4,vectorlogozone|thesvg,0,
sf_express,SF Express,顺丰速运,sf-express.com,missing,0,,0,
ups,UPS,UPS,ups.com,present,4,vectorlogozone|thesvg,0,
cainiao,Cainiao,菜鸟,cainiao.com,present,1,expanded-website-icons,1,collected_expanded-website-icons_cainiao_icon_1
japan_post,Japan Post,日本邮政,japanpost.jp,present,1,expanded-wikimedia,1,collected_expanded-wikimedia_japan_post_q1372543_japan_post_public_corporation_png
royal_mail,Royal Mail,英国皇家邮政,royalmail.com,present,1,expanded-website-icons,1,collected_expanded-website-icons_royal_mail_og_image_2
usps,USPS,美国邮政,usps.com,present,3,thesvg,0,
la_poste,La Poste,法国邮政,,present,1,expanded-wikimedia,1,collected_expanded-wikimedia_la_poste_q373724_la_poste_frankreich_logo_svg
tnt,TNT,TNT,,present,1,expanded-wikimedia,1,collected_expanded-wikimedia_tnt_q688333_tnt_logo_2016_svg
yamato_transport,Yamato Transport,黑猫宅急便,,missing,0,,0,
didi,DiDi,滴滴出行,didiglobal.com,missing,0,,0,
uber,Uber,Uber,uber.com,present,4,thesvg,0,
doordash,DoorDash,DoorDash,doordash.com,present,2,thesvg,0,
grab,Grab,Grab,grab.com,present,4,vectorlogozone|thesvg,0,
lyft,Lyft,Lyft,lyft.com,present,2,thesvg,0,
uber_eats,Uber Eats,Uber Eats,ubereats.com,present,2,thesvg,0,
deliveroo,Deliveroo,Deliveroo,deliveroo.com,present,2,thesvg,0,
gojek,Gojek,Gojek,gojek.com,present,2,thesvg,0,
kroger,Kroger,克罗格,,present,3,thesvg,0,
lidl,Lidl,Lidl,,present,2,thesvg,0,
sainsburys,Sainsbury's,森宝利,,missing,0,,0,
tesco,Tesco,乐购,,present,2,thesvg,0,
woolworths,Woolworths,Woolworths,,missing,0,,0,
chatgpt,ChatGPT,ChatGPT,chatgpt.com,missing,0,,0,
openai,OpenAI,OpenAI,openai.com,present,12,svglogo|gilbarbara|thesvg,0,
anthropic,Anthropic,Anthropic,anthropic.com,present,12,svglogo|gilbarbara|thesvg,0,
claude,Claude,Claude,claude.ai,present,12,svglogo|gilbarbara|thesvg,0,
gemini,Gemini,Gemini,gemini.google.com,present,6,svglogo|vectorlogozone|thesvg,0,
midjourney,Midjourney,Midjourney,midjourney.com,present,7,svglogo|gilbarbara|thesvg,0,
perplexity,Perplexity,Perplexity,perplexity.ai,present,12,svglogo|gilbarbara|thesvg,0,
runway,Runway,Runway,runwayml.com,present,4,svglogo|thesvg,0,
deepseek,DeepSeek,深度求索,,present,8,svglogo|gilbarbara|thesvg,0,
doubao,Doubao,豆包,,present,5,svglogo|thesvg,0,
kimi,Kimi,Kimi,,present,8,svglogo|thesvg,0,
minimax,MiniMax,MiniMax,,present,3,thesvg,0,
moonshot_ai,Moonshot AI,月之暗面,,present,2,gilbarbara,0,
tongyi_qianwen,Tongyi Qianwen,通义千问,,present,2,svglogo,0,
wenxin_yiyan,Wenxin Yiyan,文心一言,,missing,0,,0,
zhipu_ai,Zhipu AI,智谱AI,,missing,0,,0,
elevenlabs,ElevenLabs,ElevenLabs,,present,5,svglogo|thesvg,0,
hugging_face,Hugging Face,Hugging Face,,present,9,svglogo|gilbarbara|thesvg,0,
stability_ai,Stability AI,Stability AI,,present,3,gilbarbara|thesvg,0,
beats,Beats,Beats,beatsbydre.com,present,5,gilbarbara|thesvg,0,
bose,Bose,博士,bose.com,present,4,vectorlogozone|thesvg,0,
fujifilm,Fujifilm,富士胶片,fujifilm.com,present,2,thesvg,0,
jbl,JBL,JBL,jbl.com,present,2,thesvg,0,
leica,Leica,徕卡,leica-camera.com,present,2,thesvg,0,
marshall,Marshall,马歇尔,marshall.com,present,2,expanded-website-icons,2,collected_expanded-website-icons_marshall_manifest_1|collected_expanded-website-icons_marshall_manifest_2
sennheiser,Sennheiser,森海塞尔,sennheiser.com,present,2,thesvg,0,
sonos,Sonos,Sonos,sonos.com,present,4,vectorlogozone|thesvg,0,
hasselblad,Hasselblad,哈苏,,missing,0,,0,
polaroid,Polaroid,宝丽来,,missing,0,,0,
alibaba,Alibaba,阿里巴巴,alibaba.com,present,3,thesvg,0,
baidu,Baidu,百度,baidu.com,present,9,svglogo|vectorlogozone|thesvg,0,
bytedance,ByteDance,字节跳动,bytedance.com,present,6,svglogo|thesvg,0,
tencent,Tencent,腾讯,tencent.com,present,6,svglogo|vectorlogozone|thesvg,0,
amap,Amap,高德地图,amap.com,missing,0,,0,
baidu_maps,Baidu Maps,百度地图,map.baidu.com,missing,0,,0,
dingtalk,DingTalk,钉钉,dingtalk.com,present,1,svglogo,0,
feishu,Feishu,飞书,feishu.cn,present,1,svglogo,0,
alibaba_cloud,Alibaba Cloud,阿里云,alibabacloud.com,present,9,vectorlogozone|thesvg|svglogo,0,
amazon_web_services,Amazon Web Services,亚马逊云科技,aws.amazon.com,present,8,thesvg|gilbarbara,0,
cloudflare,Cloudflare,Cloudflare,cloudflare.com,present,11,svglogo|gilbarbara|vectorlogozone|thesvg,0,
google_cloud,Google Cloud,谷歌云,cloud.google.com,present,8,gilbarbara|vectorlogozone|thesvg,0,
microsoft_azure,Microsoft Azure,微软 Azure,azure.microsoft.com,present,7,svglogo|gilbarbara|vectorlogozone|thesvg,0,
tencent_cloud,Tencent Cloud,腾讯云,cloud.tencent.com,present,3,thesvg,0,
digitalocean,DigitalOcean,DigitalOcean,digitalocean.com,present,10,gilbarbara|vectorlogozone|thesvg,0,
heroku,Heroku,Heroku,heroku.com,present,5,gilbarbara|vectorlogozone|thesvg,0,
lenovo,Lenovo,联想,lenovo.com,present,2,thesvg,0,
asus,ASUS,华硕,asus.com,present,4,vectorlogozone|thesvg,0,
dell,Dell,戴尔,dell.com,present,4,vectorlogozone|thesvg,0,
hp,HP,惠普,hp.com,present,4,vectorlogozone|thesvg,0,
logitech,Logitech,罗技,logitech.com,missing,0,,0,
razer,Razer,雷蛇,razer.com,present,2,thesvg,0,
acer,Acer,宏碁,acer.com,present,4,vectorlogozone|thesvg,0,
alienware,Alienware,外星人,alienware.com,present,2,thesvg,0,
bang_and_olufsen,Bang & Olufsen,B&O,,missing,0,,0,
sony_audio,Sony Audio,索尼音频,,missing,0,,0,
dji,DJI,大疆,dji.com,present,3,svglogo|thesvg,0,
sony,Sony,索尼,sony.com,present,2,thesvg,0,
canon,Canon,佳能,canon.com,missing,0,,0,
gopro,GoPro,GoPro,gopro.com,missing,0,,0,
lg,LG,LG,lg.com,present,4,vectorlogozone|thesvg,0,
nikon,Nikon,尼康,nikon.com,present,2,thesvg,0,
panasonic,Panasonic,松下,panasonic.com,present,2,thesvg,0,
philips,Philips,飞利浦,philips.com,present,2,expanded-website-icons,2,collected_expanded-website-icons_philips_apple_touch_icon_1|collected_expanded-website-icons_philips_icon_2
canva,Canva,Canva,canva.com,present,7,svglogo|vectorlogozone|thesvg,0,
figma,Figma,Figma,figma.com,present,8,gilbarbara|vectorlogozone|thesvg,0,
notion,Notion,Notion,notion.so,present,5,gilbarbara|thesvg,0,
asana,Asana,Asana,asana.com,present,8,gilbarbara|vectorlogozone|thesvg,0,
dropbox,Dropbox,Dropbox,dropbox.com,present,10,gilbarbara|vectorlogozone|thesvg,0,
miro,Miro,Miro,miro.com,present,8,gilbarbara|thesvg,0,
trello,Trello,Trello,trello.com,present,7,gilbarbara|vectorlogozone|thesvg,0,
airtable,Airtable,Airtable,airtable.com,present,5,gilbarbara|vectorlogozone|thesvg,0,
blender,Blender,Blender,,present,5,gilbarbara|vectorlogozone|thesvg,0,
framer,Framer,Framer,,present,7,gilbarbara|vectorlogozone|thesvg,0,
procreate,Procreate,Procreate,,missing,0,,0,
sketch,Sketch,Sketch,,present,5,gilbarbara|thesvg,0,
webflow,Webflow,Webflow,,present,8,gilbarbara|vectorlogozone|thesvg,0,
github,GitHub,GitHub,github.com,present,13,gilbarbara|vectorlogozone|thesvg,0,
docker,Docker,Docker,docker.com,present,8,gilbarbara|vectorlogozone|thesvg,0,
gitlab,GitLab,GitLab,gitlab.com,present,7,gilbarbara|vectorlogozone|thesvg,0,
postman,Postman,Postman,postman.com,present,4,gilbarbara|thesvg,0,
vercel,Vercel,Vercel,vercel.com,present,12,gilbarbara|vectorlogozone|thesvg,0,
jetbrains,JetBrains,JetBrains,,present,6,gilbarbara|vectorlogozone|thesvg,0,
kubernetes,Kubernetes,Kubernetes,kubernetes.io,present,5,gilbarbara|vectorlogozone|thesvg,0,
netlify,Netlify,Netlify,netlify.com,present,6,gilbarbara|vectorlogozone|thesvg,0,
sentry,Sentry,Sentry,sentry.io,present,6,gilbarbara|thesvg|vectorlogozone,0,
stack_overflow,Stack Overflow,Stack Overflow,,present,9,gilbarbara|vectorlogozone|thesvg,0,
visual_studio_code,Visual Studio Code,VS Code,,present,5,gilbarbara|vectorlogozone|thesvg,0,
ibm,IBM,IBM,ibm.com,present,4,gilbarbara|vectorlogozone|thesvg,0,
cisco,Cisco,思科,cisco.com,present,6,vectorlogozone|thesvg,0,
oracle,Oracle,甲骨文,oracle.com,present,4,gilbarbara|vectorlogozone|thesvg,0,
salesforce,Salesforce,Salesforce,salesforce.com,present,4,gilbarbara|vectorlogozone|thesvg,0,
sap,SAP,SAP,sap.com,present,6,svglogo|gilbarbara|vectorlogozone|thesvg,0,
slack,Slack,Slack,slack.com,present,7,gilbarbara|vectorlogozone|thesvg,0,
atlassian,Atlassian,Atlassian,atlassian.com,present,3,gilbarbara|thesvg,0,
servicenow,ServiceNow,ServiceNow,servicenow.com,present,2,vectorlogozone,0,
apple,Apple,苹果,apple.com,present,10,gilbarbara|vectorlogozone|thesvg|website-icons,0,
huawei,Huawei,华为,huawei.com,present,12,svglogo|vectorlogozone|thesvg|website-icons,0,
samsung,Samsung,三星,samsung.com,present,5,gilbarbara|vectorlogozone|thesvg,0,
xiaomi,Xiaomi,小米,mi.com,present,9,svglogo|thesvg|website-icons|vectorlogozone,0,
honor,Honor,荣耀,honor.com,present,2,thesvg,0,
oneplus,OnePlus,一加,oneplus.com,present,2,thesvg,0,
oppo,OPPO,OPPO,oppo.com,present,2,thesvg,0,
vivo,Vivo,vivo,vivo.com,present,2,thesvg,0,
msi,MSI,微星,,present,4,vectorlogozone|thesvg,0,
evernote,Evernote,印象笔记,,present,5,vectorlogozone|thesvg,0,
todoist,Todoist,Todoist,,present,5,gilbarbara|thesvg,0,
zoom,Zoom,Zoom,,present,4,gilbarbara|thesvg,0,
arm,Arm,Arm,,present,3,gilbarbara|thesvg,0,
asml,ASML,ASML,,missing,0,,0,
broadcom,Broadcom,博通,,present,4,gilbarbara|thesvg,0,
mediatek,MediaTek,联发科,,present,2,thesvg,0,
tsmc,TSMC,台积电,,present,1,gilbarbara,0,
adobe,Adobe,Adobe,adobe.com,present,8,gilbarbara|vectorlogozone|thesvg|website-icons,0,
google,Google,谷歌,google.com,present,10,gilbarbara|vectorlogozone|thesvg,0,
intel,Intel,英特尔,intel.com,present,5,gilbarbara|vectorlogozone|thesvg,0,
meta,Meta,Meta,meta.com,present,8,svglogo|gilbarbara|thesvg,0,
microsoft,Microsoft,微软,microsoft.com,present,7,gilbarbara|vectorlogozone|thesvg,0,
nvidia,NVIDIA,英伟达,nvidia.com,present,10,gilbarbara|vectorlogozone|thesvg,0,
amd,AMD,AMD,amd.com,present,5,gilbarbara|vectorlogozone|thesvg,0,
qualcomm,Qualcomm,高通,qualcomm.com,present,3,gilbarbara|thesvg,0,
china_broadnet,China Broadnet,中国广电,,missing,0,,0,
h3c,H3C,新华三,,missing,0,,0,
ruijie,Ruijie,锐捷,,missing,0,,0,
tp_link,TP-Link,TP-Link,,present,2,thesvg,0,
zte,ZTE,中兴,,present,1,thesvg,0,
china_mobile,China Mobile,中国移动,10086.cn,present,2,svglogo,0,
china_telecom,China Telecom,中国电信,chinatelecom.com.cn,present,1,svglogo,0,
china_unicom,China Unicom,中国联通,chinaunicom.com.cn,present,1,svglogo,0,
ntt_docomo,NTT Docomo,NTT Docomo,docomo.ne.jp,present,1,thesvg,0,
softbank,SoftBank,软银,softbank.jp,present,2,vectorlogozone,0,
kddi,KDDI,KDDI,kddi.com,present,1,expanded-website-icons,1,collected_expanded-website-icons_kddi_og_image_1
singtel,Singtel,新加坡电信,singtel.com,present,1,expanded-website-icons,1,collected_expanded-website-icons_singtel_og_image_2
sk_telecom,SK Telecom,SK电讯,sktelecom.com,present,1,expanded-website-icons,1,collected_expanded-website-icons_sk_telecom_og_image_2
at_and_t,AT&T,AT&T,att.com,present,4,thesvg|vectorlogozone,0,
deutsche_telekom,Deutsche Telekom,德国电信,telekom.com,present,2,thesvg,0,
orange,Orange,Orange,orange.com,present,2,thesvg,0,
t_mobile,T-Mobile,T-Mobile,t-mobile.com,present,1,expanded-website-icons,1,collected_expanded-website-icons_t_mobile_og_image_1
verizon,Verizon,Verizon,verizon.com,present,2,thesvg,0,
vodafone,Vodafone,沃达丰,vodafone.com,present,2,thesvg,0,
telefonica,Telefonica,西班牙电信,telefonica.com,present,1,thesvg,0,
telstra,Telstra,澳洲电信,telstra.com,present,1,thesvg,0,
chanel_beauty,Chanel Beauty,香奈儿美妆,chanel.com,present,5,svglogo|website-icons,0,
dior_beauty,Dior Beauty,迪奥美妆,dior.com,present,3,svglogo|thesvg,0,
kiehls,Kiehl's,科颜氏,kiehls.com,present,1,svglogo,0,
la_mer,La Mer,海蓝之谜,cremedelamer.com,present,1,svglogo,0,
lanc_me,Lancôme,兰蔻,lancome.com,present,1,svglogo,0,
olay,Olay,玉兰油,olay.com,present,1,svglogo,0,
sk_ii,SK-II,SK-II,sk-ii.com,present,1,svglogo,0,
yves_saint_laurent_beauty,Yves Saint Laurent Beauty,YSL 美妆,yslbeauty.com,present,2,expanded-website-icons,2,collected_expanded-website-icons_yves_saint_laurent_beauty_manifest_1|collected_expanded-website-icons_yves_saint_laurent_beauty_manifest_2
charlotte_tilbury,Charlotte Tilbury,Charlotte Tilbury,,missing,0,,0,
fenty_beauty,Fenty Beauty,Fenty Beauty,,missing,0,,0,
loreal,L'Oréal,欧莱雅,,present,1,svglogo,0,
mac_cosmetics,MAC Cosmetics,魅可,,missing,0,,0,
nars,NARS,NARS,,missing,0,,0,
rare_beauty,Rare Beauty,Rare Beauty,,present,1,expanded-wikimedia,1,collected_expanded-wikimedia_rare_beauty_q116030556_rare_beauty_webp
urban_decay,Urban Decay,Urban Decay,,missing,0,,0,
est_e_lauder,Estée Lauder,雅诗兰黛,esteelauder.com,present,1,svglogo,0,
lor_al,L'Oréal,欧莱雅,loreal.com,present,1,svglogo,0,
shiseido,Shiseido,资生堂,shiseido.com,present,1,svglogo,0,
clinique,Clinique,倩碧,clinique.com,missing,0,,0,
dove,Dove,多芬,dove.com,present,1,expanded-website-icons,1,collected_expanded-website-icons_dove_og_image_2
maybelline,Maybelline,美宝莲,maybelline.com,present,2,expanded-website-icons,2,collected_expanded-website-icons_maybelline_manifest_1|collected_expanded-website-icons_maybelline_manifest_2
neutrogena,Neutrogena,露得清,neutrogena.com,missing,0,,0,
nivea,Nivea,妮维雅,nivea.com,present,2,expanded-website-icons,2,collected_expanded-website-icons_nivea_icon_1|collected_expanded-website-icons_nivea_og_image_2
chando,Chando,自然堂,,missing,0,,0,
herborist,Herborist,佰草集,,missing,0,,0,
marubi,Marubi,丸美,,present,1,svglogo,0,
pechoin,Pechoin,百雀羚,,missing,0,,0,
proya,Proya,珀莱雅,,present,1,svglogo,0,
winona,Winona,薇诺娜,,missing,0,,0,
este_e_lauder,Estée Lauder,雅诗兰黛,,present,1,svglogo,0,
la_roche_posay,La Roche-Posay,理肤泉,,missing,0,,0,
lanco_me,Lancôme,兰蔻,,present,1,svglogo,0,
colgate,Colgate,高露洁,,present,1,thesvg,0,
head_and_shoulders,Head & Shoulders,海飞丝,,missing,0,,0,
oral_b,Oral-B,欧乐B,,missing,0,,0,
pantene,Pantene,潘婷,,missing,0,,0,
vaseline,Vaseline,凡士林,,missing,0,,0,
catl,CATL,宁德时代,,missing,0,,0,
china_southern_power_grid,China Southern Power Grid,南方电网,,missing,0,,0,
cnooc,CNOOC,中国海油,,missing,0,,0,
longi,LONGi,隆基绿能,,missing,0,,0,
state_grid,State Grid,国家电网,,present,2,svglogo,0,
trina_solar,Trina Solar,天合光能,,present,1,svglogo,0,
petrochina,PetroChina,中国石油,petrochina.com.cn,missing,0,,0,
shell,Shell,壳牌,shell.com,present,4,vectorlogozone|thesvg,0,
sinopec,Sinopec,中国石化,sinopec.com,present,1,svglogo,0,
aramco,Aramco,沙特阿美,aramco.com,present,2,expanded-website-icons,2,collected_expanded-website-icons_aramco_apple_touch_icon_1|collected_expanded-website-icons_aramco_apple_touch_icon_2
bp,BP,英国石油,bp.com,missing,0,,0,
chevron,Chevron,雪佛龙,chevron.com,present,1,expanded-wikimedia,1,collected_expanded-wikimedia_chevron_q319642_chevron_logo_svg
exxonmobil,ExxonMobil,埃克森美孚,exxonmobil.com,present,1,expanded-website-icons,1,collected_expanded-website-icons_exxonmobil_og_image_2
totalenergies,TotalEnergies,道达尔能源,totalenergies.com,present,2,expanded-website-icons,2,collected_expanded-website-icons_totalenergies_icon_1|collected_expanded-website-icons_totalenergies_og_image_2
becton_dickinson,Becton Dickinson,BD,,missing,0,,0,
ge_healthcare,GE HealthCare,GE医疗,,missing,0,,0,
medtronic,Medtronic,美敦力,,missing,0,,0,
olympus,Olympus,奥林巴斯,,missing,0,,0,
philips_healthcare,Philips Healthcare,飞利浦医疗,,missing,0,,0,
siemens_healthineers,Siemens Healthineers,西门子医疗,,missing,0,,0,
stryker,Stryker,史赛克,,present,2,thesvg,0,
daikin,Daikin,大金,,missing,0,,0,
fuji_electric,Fuji Electric,富士电机,,missing,0,,0,
hitachi,Hitachi,日立,,present,4,vectorlogozone|thesvg,0,
komatsu,Komatsu,小松,,missing,0,,0,
mitsubishi_electric,Mitsubishi Electric,三菱电机,,present,1,expanded-wikimedia,1,collected_expanded-wikimedia_mitsubishi_electric_q53257_mitsubishi_electric_logo_svg
toshiba,Toshiba,东芝,,present,2,thesvg,0,
yaskawa,Yaskawa,安川电机,,missing,0,,0,
3m,3M,3M,,present,4,vectorlogozone|thesvg,0,
abb,ABB,ABB,,present,2,thesvg,0,
caterpillar,Caterpillar,卡特彼勒,,present,2,thesvg,0,
general_electric,General Electric,通用电气,,present,2,thesvg,0,
honeywell,Honeywell,霍尼韦尔,,present,1,thesvg,0,
john_deere,John Deere,约翰迪尔,,present,2,thesvg,0,
schneider_electric,Schneider Electric,施耐德电气,,present,2,thesvg,0,
siemens,Siemens,西门子,,present,4,vectorlogozone|thesvg,0,
eni,Eni,埃尼,,missing,0,,0,
equinor,Equinor,挪威国家石油,,missing,0,,0,
saudi_aramco,Saudi Aramco,沙特阿美,,missing,0,,0,
astrazeneca,AstraZeneca,阿斯利康,,present,1,thesvg,0,
bayer,Bayer,拜耳,,present,1,thesvg,0,
gsk,GSK,葛兰素史克,,present,2,thesvg,0,
moderna,Moderna,莫德纳,,missing,0,,0,
novartis,Novartis,诺华,,present,1,thesvg,0,
pfizer,Pfizer,辉瑞,,present,1,thesvg,0,
roche,Roche,罗氏,,missing,0,,0,
sanofi,Sanofi,赛诺菲,,missing,0,,0,
agricultural_bank_of_china,Agricultural Bank of China,中国农业银行,abchina.com,present,2,svglogo,0,
bank_of_china,Bank of China,中国银行,boc.cn,present,2,svglogo,0,
china_construction_bank,China Construction Bank,中国建设银行,ccb.com,present,2,svglogo,0,
china_merchants_bank,China Merchants Bank,招商银行,cmbchina.com,present,2,svglogo,0,
icbc,ICBC,中国工商银行,icbc.com.cn,present,2,svglogo,0,
bank_of_communications,Bank of Communications,交通银行,bankcomm.com,present,2,svglogo,0,
china_citic_bank,China CITIC Bank,中信银行,citicbank.com,present,2,svglogo,0,
china_minsheng_bank,China Minsheng Bank,民生银行,cmbc.com.cn,present,1,svglogo,0,
hsbc,HSBC,汇丰银行,hsbc.com,present,7,vectorlogozone|thesvg|website-icons,0,
bank_of_america,Bank of America,美国银行,bankofamerica.com,present,4,vectorlogozone|thesvg,0,
barclays,Barclays,巴克莱银行,barclays.co.uk,present,4,vectorlogozone|thesvg,0,
chase,Chase,大通银行,chase.com,present,9,thesvg|website-icons,0,
citibank,Citibank,花旗银行,citi.com,present,1,thesvg,0,
deutsche_bank,Deutsche Bank,德意志银行,db.com,present,6,thesvg|website-icons,0,
santander,Santander,桑坦德银行,santander.com,present,1,thesvg,0,
ubs,UBS,瑞银,ubs.com,present,2,vectorlogozone,0,
dbs_bank,DBS Bank,星展银行,,missing,0,,0,
hdfc_bank,HDFC Bank,HDFC银行,,present,2,thesvg,0,
icici_bank,ICICI Bank,ICICI银行,,present,2,thesvg,0,
mizuho_bank,Mizuho Bank,瑞穗银行,,missing,0,,0,
mufg,MUFG,三菱UFJ银行,,missing,0,,0,
ocbc_bank,OCBC Bank,华侨银行,,missing,0,,0,
smbc,SMBC,三井住友银行,,missing,0,,0,
uob,UOB,大华银行,,missing,0,,0,
bnp_paribas,BNP Paribas,法国巴黎银行,,present,3,vectorlogozone|thesvg,0,
credit_suisse,Credit Suisse,瑞士信贷,,present,1,thesvg,0,
ing,ING,荷兰国际集团,,present,2,vectorlogozone,0,
capital_one,Capital One,第一资本,,present,1,thesvg,0,
citigroup,Citigroup,花旗集团,,missing,0,,0,
goldman_sachs,Goldman Sachs,高盛,,present,4,vectorlogozone|thesvg,0,
jpmorgan_chase,JPMorgan Chase,摩根大通,,missing,0,,0,
morgan_stanley,Morgan Stanley,摩根士丹利,,present,3,vectorlogozone|thesvg,0,
us_bank,US Bank,美国合众银行,,present,2,vectorlogozone,0,
wells_fargo,Wells Fargo,富国银行,,present,4,vectorlogozone|thesvg,0,
binance,Binance,币安,,present,2,thesvg,0,
coinbase,Coinbase,Coinbase,,present,7,vectorlogozone|thesvg,0,
crypto_com,Crypto.com,Crypto.com,,missing,0,,0,
kraken,Kraken,Kraken,,present,5,gilbarbara|thesvg,0,
ledger,Ledger,Ledger,,present,1,expanded-wikimedia,1,collected_expanded-wikimedia_ledger_q65770312_ledger_logo_long_svg
metamask,MetaMask,MetaMask,,present,3,gilbarbara|thesvg,0,
okx,OKX,OKX,,present,2,thesvg,0,
trust_wallet,Trust Wallet,Trust Wallet,,present,1,thesvg,0,
afterpay,Afterpay,Afterpay,,present,3,thesvg,0,
cash_app,Cash App,Cash App,,present,2,thesvg,0,
klarna,Klarna,Klarna,,present,4,vectorlogozone|thesvg,0,
revolut,Revolut,Revolut,,present,4,vectorlogozone|thesvg,0,
venmo,Venmo,Venmo,,present,4,vectorlogozone|thesvg,0,
diners_club,Diners Club,大来卡,,present,3,gilbarbara|thesvg,0,
jcb,JCB,JCB,,present,3,gilbarbara|thesvg,0,
maestro,Maestro,Maestro,,present,1,gilbarbara,0,
aia,AIA,友邦保险,,missing,0,,0,
aig,AIG,AIG,,missing,0,,0,
allianz,Allianz,安联,,missing,0,,0,
axa,AXA,安盛,,present,1,thesvg,0,
china_life,China Life,中国人寿,,present,2,svglogo,0,
metlife,MetLife,大都会人寿,,present,1,thesvg,0,
ping_an,Ping An,中国平安,,missing,0,,0,
prudential,Prudential,保诚,,missing,0,,0,
mastercard,Mastercard,万事达卡,mastercard.com,present,7,gilbarbara|thesvg|website-icons|wikimedia,0,
paypal,PayPal,PayPal,paypal.com,present,7,gilbarbara|vectorlogozone|thesvg|wikimedia,0,
visa,Visa,Visa,visa.com,present,3,gilbarbara|thesvg,0,
american_express,American Express,美国运通,americanexpress.com,present,2,thesvg,0,
square,Square,Square,squareup.com,present,3,gilbarbara|thesvg,0,
stripe,Stripe,Stripe,stripe.com,present,5,gilbarbara|vectorlogozone|thesvg,0,
wise,Wise,Wise,wise.com,present,2,thesvg,0,
discover,Discover,Discover,discover.com,present,3,gilbarbara|thesvg,0,
alipay,Alipay,支付宝,alipay.com,present,4,thesvg|website-icons|svglogo,0,
unionpay,UnionPay,银联,unionpayintl.com,present,1,gilbarbara,0,
wechat_pay,WeChat Pay,微信支付,pay.weixin.qq.com,present,310,svglogo,0,
ant_group,Ant Group,蚂蚁集团,antgroup.com,present,4,svglogo|thesvg,0,
cloud_quickpass,Cloud QuickPass,云闪付,95516.com,missing,0,,0,
du_xiaoman,Du Xiaoman,度小满,duxiaoman.com,missing,0,,0,
jd_pay,JD Pay,京东支付,jdpay.com,missing,0,,0,
tenpay,Tenpay,财付通,tenpay.com,missing,0,,0,
coca_cola,Coca-Cola,可口可乐,coca-cola.com,present,4,vectorlogozone|thesvg,0,
pepsi,Pepsi,百事,pepsi.com,present,3,vectorlogozone|thesvg,0,
7up,7Up,七喜,7up.com,missing,0,,0,
dr_pepper,Dr Pepper,胡椒博士,drpepper.com,missing,0,,0,
fanta,Fanta,芬达,fanta.com,present,1,thesvg,0,
lipton,Lipton,立顿,lipton.com,present,1,thesvg,0,
sprite,Sprite,雪碧,sprite.com,present,2,expanded-website-icons,2,collected_expanded-website-icons_sprite_apple_touch_icon_1|collected_expanded-website-icons_sprite_mask_icon_2
mountain_dew,Mountain Dew,激浪,mountaindew.com,present,1,thesvg,0,
mirinda,Mirinda,美年达,,missing,0,,0,
schweppes,Schweppes,怡泉,,missing,0,,0,
fiji_water,Fiji Water,斐济水,,missing,0,,0,
nongfu_spring,Nongfu Spring,农夫山泉,,missing,0,,0,
san_pellegrino,San Pellegrino,圣培露,,missing,0,,0,
volvic,Volvic,富维克,,missing,0,,0,
voss,Voss,Voss,,missing,0,,0,
wahaha,Wahaha,娃哈哈,,missing,0,,0,
haidilao,Haidilao,海底捞,haidilao.com,missing,0,,0,
heytea,Heytea,喜茶,heytea.com,present,2,expanded-website-icons,2,collected_expanded-website-icons_heytea_apple_touch_icon_1|collected_expanded-website-icons_heytea_icon_2
mixue,Mixue,蜜雪冰城,mxbc.com,missing,0,,0,
chagee,Chagee,霸王茶姬,chagee.com,present,1,expanded-website-icons,1,collected_expanded-website-icons_chagee_og_image_2
coco_fresh_tea,CoCo Fresh Tea,CoCo 都可,coco-tea.com,missing,0,,0,
gong_cha,Gong Cha,贡茶,gongcha.com,missing,0,,0,
manner_coffee,Manner Coffee,Manner Coffee,mannercoffee.com,missing,0,,0,
nayuki,Nayuki,奈雪的茶,nayuki.com,present,1,svglogo,0,
dicos,Dicos,德克士,,missing,0,,0,
home_original_chicken,Home Original Chicken,老乡鸡,,missing,0,,0,
mr_rice,Mr. Rice,乡村基,,missing,0,,0,
real_kungfu,Real Kungfu,真功夫,,missing,0,,0,
wallace,Wallace,华莱士,,missing,0,,0,
xibei,Xibei,西贝,,missing,0,,0,
yangs_dumpling,Yang's Dumpling,小杨生煎,,missing,0,,0,
yonghe_king,Yonghe King,永和大王,,missing,0,,0,
cadbury,Cadbury,吉百利,,missing,0,,0,
ferrero_rocher,Ferrero Rocher,费列罗,,missing,0,,0,
hersheys,Hershey's,好时,,present,1,expanded-wikimedia,1,collected_expanded-wikimedia_hersheys_q2893738_hershey_kisses_logo_png
lindt,Lindt,瑞士莲,,present,1,expanded-wikimedia,1,collected_expanded-wikimedia_lindt_q152822_lindt_sprungli_textlogo_png
twix,Twix,Twix,,missing,0,,0,
luckin_coffee,Luckin Coffee,瑞幸咖啡,luckincoffee.com,missing,0,,0,
starbucks,Starbucks,星巴克,starbucks.com,present,8,vectorlogozone|thesvg|website-icons,0,
costa_coffee,Costa Coffee,Costa 咖啡,costa.co.uk,present,4,website-icons,0,
dunkin,Dunkin,Dunkin,dunkindonuts.com,present,2,expanded-website-icons,2,collected_expanded-website-icons_dunkin_manifest_1|collected_expanded-website-icons_dunkin_icon_2
tim_hortons,Tim Hortons,Tim Hortons,timhortons.com,missing,0,,0,
blue_bottle_coffee,Blue Bottle Coffee,蓝瓶咖啡,bluebottlecoffee.com,missing,0,,0,
lavazza,Lavazza,拉瓦萨,lavazza.com,missing,0,,0,
peets_coffee,Peet's Coffee,Peet's Coffee,peets.com,present,2,expanded-website-icons,2,collected_expanded-website-icons_peets_coffee_manifest_1|collected_expanded-website-icons_peets_coffee_manifest_2
illy,Illy,意利,,missing,0,,0,
nespresso,Nespresso,奈斯派索,,missing,0,,0,
pacific_coffee,Pacific Coffee,太平洋咖啡,,missing,0,,0,
red_bull,Red Bull,红牛,redbull.com,present,6,thesvg|website-icons,0,
evian,Evian,依云,evian.com,present,1,expanded-website-icons,1,collected_expanded-website-icons_evian_icon_2
gatorade,Gatorade,佳得乐,gatorade.com,missing,0,,0,
monster_energy,Monster Energy,魔爪能量,monsterenergy.com,missing,0,,0,
perrier,Perrier,巴黎水,perrier.com,present,1,expanded-website-icons,1,collected_expanded-website-icons_perrier_og_image_2
pocari_sweat,Pocari Sweat,宝矿力水特,pocarisweat.com,missing,0,,0,
powerade,Powerade,Powerade,powerade.com,present,1,thesvg,0,
vitaminwater,Vitaminwater,维他命水,vitaminwater.com,present,2,expanded-website-icons,2,collected_expanded-website-icons_vitaminwater_apple_touch_icon_1|collected_expanded-website-icons_vitaminwater_mask_icon_2
burger_king,Burger King,汉堡王,burgerking.com,present,2,thesvg,0,
kfc,KFC,肯德基,kfc.com,present,2,thesvg,0,
mcdonalds,McDonald's,麦当劳,mcdonalds.com,present,4,thesvg|website-icons,0,
popeyes,Popeyes,Popeyes,popeyes.com,present,1,thesvg,0,
shake_shack,Shake Shack,Shake Shack,shakeshack.com,missing,0,,0,
taco_bell,Taco Bell,塔可钟,tacobell.com,present,2,thesvg,0,
wendys,Wendy's,温蒂汉堡,wendys.com,present,1,thesvg,0,
five_guys,Five Guys,Five Guys,fiveguys.com,present,2,thesvg,0,
banu_hotpot,Banu Hotpot,巴奴毛肚火锅,,missing,0,,0,
coucou,CouCou,湊湊,,missing,0,,0,
dalongyi,Dalongyi,大龙燚,,missing,0,,0,
laowang,Laowang,捞王,,missing,0,,0,
little_sheep,Little Sheep,小肥羊,,missing,0,,0,
tan_yu,Tan Yu,探鱼,,missing,0,,0,
xiabu_xiabu,Xiabu Xiabu,呷哺呷哺,,missing,0,,0,
baskin_robbins,Baskin Robbins,芭斯罗缤,,missing,0,,0,
ben_and_jerrys,Ben & Jerry's,本杰瑞,,present,1,thesvg,0,
cold_stone_creamery,Cold Stone Creamery,酷圣石,,missing,0,,0,
dippin_dots,Dippin' Dots,Dippin' Dots,,missing,0,,0,
haagen_dazs,Häagen-Dazs,哈根达斯,,missing,0,,0,
magnum,Magnum,梦龙,,missing,0,,0,
walls,Wall's,和路雪,,missing,0,,0,
coco_ichibanya,CoCo Ichibanya,CoCo壱番屋,,missing,0,,0,
ichiran,Ichiran,一兰拉面,,missing,0,,0,
ippudo,Ippudo,一风堂,,missing,0,,0,
kura_sushi,Kura Sushi,藏寿司,,missing,0,,0,
matsuya,Matsuya,松屋,,missing,0,,0,
sukiya,Sukiya,食其家,,missing,0,,0,
sushiro,Sushiro,寿司郎,,missing,0,,0,
yoshinoya,Yoshinoya,吉野家,,missing,0,,0,
campbells,Campbell's,金宝汤,,missing,0,,0,
general_mills,General Mills,通用磨坊,,present,1,thesvg,0,
nestle,Nestlé,雀巢,,present,1,expanded-wikimedia,1,collected_expanded-wikimedia_nestl_q160746_nestl_textlogo_svg
chipotle,Chipotle,Chipotle,chipotle.com,present,2,expanded-website-icons,2,collected_expanded-website-icons_chipotle_manifest_1|collected_expanded-website-icons_chipotle_apple_touch_icon_2
dairy_queen,Dairy Queen,冰雪皇后,dairyqueen.com,missing,0,,0,
dominos,Domino's,达美乐,dominos.com,present,4,thesvg,0,
jollibee,Jollibee,快乐蜂,jollibee.com,missing,0,,0,
pizza_hut,Pizza Hut,必胜客,pizzahut.com,present,2,thesvg|website-icons,0,
subway,Subway,赛百味,subway.com,present,1,thesvg,0,
little_caesars,Little Caesars,小凯撒,littlecaesars.com,present,2,expanded-website-icons,2,collected_expanded-website-icons_little_caesars_manifest_1|collected_expanded-website-icons_little_caesars_manifest_2
papa_johns,Papa Johns,棒约翰,papajohns.com,missing,0,,0,
dove_chocolate,Dove Chocolate,德芙巧克力,,missing,0,,0,
ghirardelli,Ghirardelli,吉拉德利,,missing,0,,0,
godiva,Godiva,歌帝梵,,missing,0,,0,
kinder,Kinder,健达,,missing,0,,0,
milka,Milka,妙卡,,missing,0,,0,
neuhaus,Neuhaus,诺豪斯,,missing,0,,0,
ritter_sport,Ritter Sport,瑞特斯波德,,missing,0,,0,
toblerone,Toblerone,三角巧克力,,missing,0,,0,
kitkat,KitKat,奇巧,kitkat.com,present,1,thesvg,0,
lays,Lay's,乐事,lays.com,missing,0,,0,
oreo,Oreo,奥利奥,oreo.com,present,1,expanded-website-icons,1,collected_expanded-website-icons_oreo_icon_1
cheetos,Cheetos,奇多,cheetos.com,missing,0,,0,
doritos,Doritos,多力多滋,doritos.com,missing,0,,0,
m_and_ms,M&M's,M&M's,mms.com,present,1,thesvg,0,
pringles,Pringles,品客,pringles.com,missing,0,,0,
snickers,Snickers,士力架,snickers.com,present,1,expanded-website-icons,1,collected_expanded-website-icons_snickers_og_image_2
ruffles,Ruffles,波乐,,missing,0,,0,
sun_chips,Sun Chips,阳光薯片,,missing,0,,0,
takis,Takis,Takis,,missing,0,,0,
tostitos,Tostitos,多力多滋玉米片,,missing,0,,0,
auntea_jenny,Auntea Jenny,沪上阿姨,,missing,0,,0,
chapanda,ChaPanda,茶百道,,missing,0,,0,
coco,CoCo,CoCo 都可,,missing,0,,0,
yi_dian_dian,Yi Dian Dian,一点点,,missing,0,,0,
